,IAU Name ,Designation,HIP,Bayer Name,#,WDS_J,Vmag,RA(J2000),Dec(J2000),Origin,Etymology Note,Source,,ID,Const.
,Absolutno,XO-5,XO-5,_ Lyn,_,_,12.13,116.716506,39.094572,2019 IAU100 NameExoWorlds,Czech Republic proposal;Absolutno is a fictional miraculous substance in the sci-fi novel Továrna na absolutno (The Factory for the Absolute) by influential Czech writer Karel Čapek.,https://www.nameexoworlds.iau.org/2019approved-names,,_,Lyn
,Acamar,HR 897,13847,θ1 Eri,A,02583-4018,2.88,44.565311,-40.304672,,,,,θ1,Eri
,Achernar,HR 472,7588,α Eri,A,-,0.45,24.428523,-57.236753,Arabic,The name was originally Arabic: آخر النهر ʾāẖir an-nahr ('river's end').,,,α,Eri
,Achird,HR 219,3821,η Cas,A,00491+5749,3.46,12.276213,57.815187,,"first applied to η Cassiopeiae in the Skalnate Pleso Atlas of the Heavens published in 1950, but is not known prior to that.",,,η,Cas
,Acrab,HR 5984,78820,β1 Sco,Aa,16054-1948,2.56,241.3593,-19.805453,Arabic,"the traditional name of the β Scorpii system has been rendered Akrab and Elakrab, derived (like Acrab) from Arabic: العقرب al-ʿaqrab ('the scorpion').",,,β1,Sco
,Acrux,HR 4730,60718,α Cru,Aa,12266-6306,1.33,186.649563,-63.099093,"""Americanism""","a modern contraction of the Bayer designation, coined in the 19th century, but which entered into common use only by the mid-20th century (< α Crucis)",,,α,Cru
,Acubens,HR 3572,44066,α Cnc,Aa,08585+1151,4.26,134.62174,11.857687,Arabic,The name was originally Arabic: الزبانى az-zubāná ('the claws').,,,α,Cnc
,Adhafera,HR 4031,50335,ζ Leo,Aa,10167+2325,3.43,154.172567,23.417312,Arabic,"Also called Aldhafera. The name is originally from Arabic: الضفيرة aḍ-ḍafīra ('the braid (or curl, or strand)' [of the lion's mane]).",,,ζ,Leo
,Adhara,HR 2618,33579,ε CMa,A,06586-2858,1.50,104.656453,-28.972086,Arabic,"The name is originally from Arabic: عذارى ʿaḏārá ('virgins'). In the Calendarium of Al Achsasi Al Mouakket, it is designated أول العذاري ʾawwil al-ʿaḏāriyy, translated into Latin as Prima Virginum ('first virgin').",,,ε,CMa
,Adhil,HR 390,6411,ξ And,-,-,4.87,20.58508,45.528778,Arabic,"The name was originally Arabic: الذيل aḏ-ḏayl (the train, lit. 'the tail').",,,ξ,And
,Ain,HR 1409,20889,ε Tau,Aa1,04286+1911,3.53,67.154163,19.180435,Arabic,The name is originally from Arabic: عين ʿayn ('eye') and was reviewed and adopted by the Working Group on Star Names.,,,ε,Tau
,Ainalrami,HR 7116,92761,ν1 Sgr,A,18542-2245,4.86,283.542404,-22.74484,Arabic,From Arabic: عين الرامي ʿayn ar-rāmī ('eye of the archer'),,,ν1,Sgr
,Aladfar,HR 7298,94481,η Lyr,Aa,19138+3909,4.43,288.439531,39.14597,Arabic,"The name is originally from Arabic: الأظفر al-ʾuẓfur ('the talons' [of the swooping eagle]), shared with μ Lyrae (Alathfar).",,,η,Lyr
,Alasia,HD 168746,90004,_ Ser,_,18218-1155,7.95,275.457428,-11.922682,2019 IAU100 NameExoWorlds,"Cypriot proposal; Alasia is the first historically recorded name of Cyprus, dating back to mid-fifteenth century BC.",https://www.nameexoworlds.iau.org/2019approved-names,,_,Ser
,Albaldah,HR 7264,94141,π Sgr,A,19098-2101,2.88,287.440971,-21.023615,Arabic,"The name is originally from Arabic: البلدة al-balda ('town'). In the Calendarium of Al Achsasi Al Mouakket, it is designated نير البلدة nayyir al-baldah, translated into Latin as Lucida Oppidi ('brightest of the town')",,,π,Sgr
,Albali,HR 7950,102618,ε Aqr,-,-,3.78,311.918969,-9.495775,Arabic,The name is originally from Arabic: البالع al-bāliʿ ('the swallower').,,,ε,Aqr
,Albireo,HR 7417,95947,β1 Cyg,Aa,19307+2758,3.05,292.680351,27.959692,,The source of the name Albireo is not entirely clear.,,,β1,Cyg
,Alchiba,HR 4623,59199,α Crv,-,-,4.02,182.103402,-24.728875,Arabic,"From Arabic: الخباء al-ẖibāʾ ('tent'). In the Calendarium of Al Achsasi Al Mouakket, it is designated المنخر الغراب al-manẖar al-ġurāb, translated into Latin as Rostrum Corvi ('beak of the crow').",,,α,Crv
,Alcor,HR 5062,65477,80 UMa,Ca,13239+5456,3.99,201.306403,54.987954,Arabic,From Arabic: الخوار al‑ẖawwār ('the faint one').,,,80,UMa
,Alcyone,HR 1165,17702,η Tau,A,03475+2406,2.85,56.871152,24.105136,,Member of the Pleiades open star cluster (M45). Alcyone (Ancient Greek: Ἀλκυόνη Alkuonē) was one of the Pleiades sisters in Greek mythology.,,,η,Tau
,Aldebaran,HR 1457,21421,α Tau,-,04359+1631,0.87,68.980163,16.509302,Arabic,The name was originally Arabic: الدبران ad-dabarān ('the follower' [of the Pleiades]),,,α,Tau
,Alderamin,HR 8162,105199,α Cep,-,21186+6235,2.45,319.644885,62.585574,Arabic,From Arabic: الذراع اليمين aḏ-ḏirāʿ al-yamīn ('the right arm' [of Cepheus]).,,,α,Cep
,Aldhanab,HR 8353,108085,γ Gru,-,-,3.00,328.482192,-37.364855,Arabic,The name was originally الذنب aḏ-ḏanab ('the tail' [of the constellation of the Southern Fish]).,,,γ,Gru
,Aldhibah,HR 6396,83895,ζ Dra,A,17088+6543,3.17,257.19665,65.714684,Arabic,From Arabic: الضباع aḍ-ḍibāʿ ('the hyenas').,,,ζ,Dra
,Aldulfin,HR 7852,101421,ε Del,-,-,4.03,308.303216,11.303261,Arabic,Shortening of Arabic: ذنب الدلفين ḏanab ad-dulfīn ('tail of the dolphin').,,,ε,Del
,Alfirk,HR 8238,106032,β Cep,Aa,21287+7034,3.23,322.164987,70.560715,Arabic,"From Arabic: الفرق al-firq ('the flock'). Name given by Ulugh Beg to the asterism consisting of α, β and η Cephei.",,,β,Cep
,Algedi,HR 7754,100064,α2 Cep,-,20181-1233,3.58,304.513566,-12.544852,Arabic,"From Arabic: الجدي al-jady ('the (male) kid'). Alternative traditional names are Al Giedi, Secunda Giedi and Algiedi Secunda.",,,α2,Cap
,Algenib,HR 39,1067,γ Peg,-,00132+1511,2.83,3.308963,15.183594,Arabic,From Arabic: الجانب al-jānib ('the flank'). Algenib is also another name for α Persei (Mirfak).,,,γ,Peg
,Algieba,HR 4057,50583,γ1 Leo,-,10200+1950,2.61,154.993144,19.841489,Arabic,From Arabic: الجبهة al-jabha ('the forehead' [of the lion]).,,,γ1,Leo
,Algol,HR 936,14576,β Per,Aa1,03082+4057,2.09,47.042215,40.955648,Arabic,From Arabic: الجانب al-jānib ('the flank'). Algenib is also another name for α Persei (Mirfak).,,,β,Per
,Algorab,HR 4757,60965,δ Crv,A,12299-1631,2.94,187.466063,-16.515431,Arabic,The traditional name Algorab is derived from Arabic: الغراب al-ġurāb ('the crow').,,,δ,Crv
,Alhena,HR 2421,31681,γ Gem,Aa,06377+1624,1.93,99.42796,16.39928,Arabic,Derived from Arabic: الهنعة al-hanʿa ('the brand' [on the neck of the camel]).,,,γ,Gem
,Alioth,HR 4905,62956,ε UMa,A,12540+5558,1.76,193.50729,55.959823,,"The traditional name Alioth comes from the Arabic alyat al-hamal (""the sheep's fat tail"").",,,ε,UMa
,Aljanah,HR 7949,102488,ε Cyg,Aa,20462+3358,2.48,311.552843,33.970257,,,,,ε,Cyg
,Alkaid,HR 5191,67301,η UMa,-,-,1.85,206.885157,49.313267,,,,,η,UMa
,Alkalurops,HR 5733,75411,μ1 Boo,Aa,15245+3723,4.31,231.122618,37.377169,,,,,μ1,Boo
,Alkaphrah,HR 3594,44471,κ UMa,A,09036+4709,4.16,135.906365,47.156525,,,,,κ,UMa
,Alkarab,HR 8905,115623,υ Peg,-,-,4.42,351.344931,23.4041,,,,,υ,Peg
,Alkes,HR 4287,53740,α Crt,-,-,4.08,164.943604,-18.298783,,,,,α,Crt
,Almaaz,HR 1605,23416,ε Aur,-,05020+4349,3.03,75.492219,43.823307,,,,,ε,Aur
,Almach,HR 603,9640,γ And,A,02039+4220,2.10,30.974804,42.329725,,,,,γ,And
,Alnair,HR 8425,109268,α Gru,-,22082-4658,1.73,332.05827,-46.960974,,,,,α,Gru
,Alnasl,HR 6746,88635,γ2 Sgr,-,-,2.98,271.452025,-30.4241,,,,,γ2,Sgr
,Alnilam,HR 1903,26311,ε Ori,-,05362-0112,1.69,84.053389,-1.201919,,,,,ε,Ori
,Alnitak,HR 1948,26727,ζ Ori,Aa,05407-0157,1.74,85.189694,-1.942574,,,,,ζ,Ori
,Alniyat,HR 6084,80112,σ Sco,Aa1,16212-2536,2.90,245.297149,-25.592792,,,,,σ,Sco
,Alphard,HR 3748,46390,α Hya,-,09276-0840,1.99,141.896847,-8.658602,,,,,α,Hya
,Alphecca,HR 5793,76267,α CrB ,-,-,2.22,233.67195,26.714693,,,,,α,CrB
,Alpheratz,HR 15,677,α And,Aa,00084+2905,2.07,2.096916,29.090431,,,,,α,And
,Alpherg,HR 437,7097,η Psc,A,01315+1521,3.83,22.870873,15.345823,,,,,η,Psc
,Alrakis,HR 6370,83608,μ Dra,A,17053+5428,5.55,256.333807,54.470078,,,,,μ,Dra
,Alrescha,HR 596,9487,α Psc,A,02020+0246,3.82,30.511772,2.763735,,,,,α,Psc
,Alruba,HR 6618,86782,- Dra,-,-,5.75,265.996568,53.801715,,,,,-,Dra
,Alsafi,HR 7462,96100,σ Dra,-,19324+6940,4.67,293.08996,69.661176,,,,,σ,Dra
,Alsciaukat,HR 3275,41075,31 Lyn,-,-,4.25,125.708792,43.188131,,,,,31,Lyn
,Alsephina,HR 3485,42913,δ Vel,Aa,08447-5443,1.99,131.175944,-54.708819,,,,,δ,Vel
,Alshain,HR 7602,98036,β Aql,A,19553+0624,3.71,298.828304,6.406763,,,,,β,Aql
,Alshat,HR 7773,100310,ν Cap,A,20207-1246,4.77,305.165898,-12.759079,,,,,ν,Cap
,Altair,HR 7557,97649,α Aql,-,19508+0852,0.76,297.695827,8.868321,,From Arabic: (النسر) الطائر (an-nasr) aṭ-ṭāʾir ('the flying' [eagle]).,,,α,Aql
,Altais,HR 7310,94376,δ Dra,-,19126+6740,3.07,288.13875,67.661541,,,,,δ,Dra
,Alterf,HR 3773,46750,λ Leo,-,-,4.32,142.930115,22.96797,,,,,λ,Leo
,Aludra,HR 2827,35904,η CMa,-,07241-2918,2.45,111.02376,-29.303106,,,,,η,CMa
,Alula Australis,HR 4375,55203,ξ UMa,Aa,11182+3132,4.41,169.545423,31.529161,,,,,ξ,UMa
,Alula Borealis,HR 4377,55219,ν Uma,-,11185+3306,3.49,169.619737,33.094305,,,,,ν,UMa
,Alya,HR 7141,92946,θ1 Ser,A,18562+0412,4.62,284.054949,4.203602,,,,,θ1,Ser
,Alzirr,HR 2484,32362,ξ Gem,-,-,3.35,101.322351,12.895592,,,,,ξ,Gem
,Amadioha,HD 43197,29550,_ CMa,_,_,8.98,93.39859,-29.897264,2019 IAU100 NameExoWorlds,"Nigerian proposal; Amadioha is the god of thunder in Igbo mythology. As well as representing justice, Amadioha is also a god of love, peace and unity.",https://www.nameexoworlds.iau.org/2019approved-names,,_,CMa
,Amansinaya,WASP-34,WASP-34,_ Crt,_,_,10.30,165.399575,-23.860662,2019 IAU100 NameExoWorlds,"Philippines proposal. Aman Sinaya is one of the two trinity deities of the Philippine's Tagalog mythology, and is the primordial deity of the ocean and protector of fisherman.",https://www.nameexoworlds.iau.org/2019approved-names,,_,Crt
,Anadolu,WASP-52,WASP-52,_ Peg,_,_,12.20,348.494823,8.76127,2019 IAU100 NameExoWorlds,Turkish proposal; Anadolu is the primary homeland of Turkey and refers to the motherland in Turkish culture.,https://www.nameexoworlds.iau.org/2019approved-names,,_,Peg
,Ancha,HR 8499,110003,θ Aqr,-,-,4.17,334.208485,-7.783291,,,,,θ,Aqr
,Angetenar,HR 850,13288,τ2 Eri,-,02510-2100,4.76,42.759674,-21.004018,,,,,τ2,Eri
,Aniara,HD 102956,57820,_ UMa,_,_,7.86,177.843796,57.640734,2019 IAU100 NameExoWorlds,Swedish proposal; Aniara is the name of a spaceship in the epic poem Aniara by Swedish author Harry Martinson.,https://www.nameexoworlds.iau.org/2019approved-names,,_,UMa
,Ankaa,HR 99,2081,α  Phe,-,00263-4218,2.40,6.570939,-42.306084,,,,,α,Phe
,Anser,HR 7405,95771,α Vul,-,19287+2440,4.44,292.176375,24.664903,,,,,α,Vul
,Antares,HR 6134,80763,α Sco,A,16294-2626,1.06,247.351915,-26.432003,,,,,α,Sco
,Arcalís,HD 131496,72845,_ Boo,_,_,7.80,223.345951,18.235409,2019 IAU100 NameExoWorlds,"Andorran proposal; Arcalis is a famous peak in the north of Andorra, where the Sun passes through a hole in the mountain twice a year at fixed dates. It was used as a primitive solar calendar and reference point for shepherds and early inhabitants of Andorra.",https://www.nameexoworlds.iau.org/2019approved-names,,_,Boo
,Arcturus,HR 5340,69673,α Boo,-,14157+1911,-0.05,213.9153,19.182409,Greek,"The Greek term Ἀρκτοῦρος means ""The Guard""; it was used for this star by all ancient astronomers (Eratosthenes, Hipparchus, Ptolemy) and is possibly an Egyptian reminiscence because it formed part of the Egyptian constellation of the Hippo Goddess who guarded the constellation of the Bull's Leg (or Bull's Thigh) seen in UMa. cf. Hesiod, Works and Days 566",,,α,Boo
,Arkab Posterior,HR 7343,95294,β2 Sgr,-,-,4.27,290.80474,-44.799779,,,,,β2,Sgr
,Arkab Prior,HR 7337,95241,β1 Sgr,-,19226-4428,3.96,290.659551,-44.458959,,,,,β1,Sgr
,Arneb,HR 1865,25985,α Lep,A,05327-1749,2.58,83.182567,-17.822289,,,,,α,Lep
,Ascella,HR 7194,93506,ζ Sgr,A,19026-2953,2.60,285.653043,-29.880063,Latin,"ascella (""armpit""). Source: Almagest 1515",,,ζ,Sgr
,Asellus Australis,HR 3461,42911,δ Cnc,Aa,08447+1809,3.94,131.171248,18.154309,,,,,δ,Cnc
,Asellus Borealis,HR 3449,42806,γ Cnc,Aa,08433+2128,4.66,130.821442,21.468501,,,,,γ,Cnc
,Ashlesha,HR 3482,43109,ε Hya,A,08468+0625,3.49,131.693794,6.418809,,,,,ε,Hya
,Aspidiske,HR 3699,45556,ι Car,-,-,2.21,139.272529,-59.275232,,,,,ι,Car
,Asterope,HR 1151,17579,21 Tau,A,03459+2433,5.76,56.476987,24.554512,,,,,21,Tau
,Atakoraka,WASP-64,WASP-64,_ CMa,_,06445-3252,12.69,101.115022,-32.858383,2019 IAU100 NameExoWorlds,Togolese proposal; Atakoraka means the chain of the Atacora: the largest mountain range in Togo.,https://www.nameexoworlds.iau.org/2019approved-names,,_,CMa
,Athebyne,HR 6132,80331,η Dra,A,16240+6131,2.73,245.997858,61.514214,,,,,η,Dra
,Atik,HR 1131,17448,ο Per,A,03443+3217,3.84,56.07972,32.28824,,,,,ο,Per
,Atlas,HR 1178,17847,27 Tau,Aa1,03492+2403,3.62,57.290597,24.053415,,,,,27,Tau
,Atria,HR 6217,82273,α TrA,-,16487-6902,1.91,252.166229,-69.027712,Latin,Contraction of Bayer designation A(lpha) Tri(anguli) A(ustralis).,,,α,TrA
,Avior,HR 3307,41037,ε Car,A,08225-5931,1.86,125.62848,-59.509484,English,Invented for The Air Almanac of the HM Nautical Almanac Office,,,ε,Car
,Axólotl,HD 224693,118319,_ Cet,_,_,8.23,359.974298,-22.428116,2019 IAU100 NameExoWorlds,"Mexican proposal. Axólotl means water animal in the native Nahuatl language, which is a unique and culturally significant endemic amphibious species from the basin of Mexico.",https://www.nameexoworlds.iau.org/2019approved-names,,_,Cet
,Ayeyarwady,HD 18742,13993,_ Eri,_,_,7.81,45.044402,-20.802604,2019 IAU100 NameExoWorlds,Myanmar proposal; Ayeyarwady is the largest and most important river in Myanmar.,https://www.nameexoworlds.iau.org/2019approved-names,,_,Eri
,Azelfafage,HR 8301,107136,π1 Cyg,-,-,4.69,325.523602,51.189623,,,,,π1,Cyg
,Azha,HR 874,13701,η Eri,-,-,3.89,44.106873,-8.898145,,,,,η,Eri
,Azmidi,HR 3045,38170,ξ Pup,–,07493-2452,3.45,117.323563,-24.859786,,,,,ξ,Pup
,Baekdu,HD 133086,73136,8 UMi,_,14568+7454,6.83,224.201473,74.900923,2019 IAU100 NameExoWorlds,"South Korean proposal; Baekdu is the highest mountain on the Korean peninsula, situated in North Korea, and symbolises the national spirit of Korea.",https://www.nameexoworlds.iau.org/2019approved-names,,8,UMi
,Barnard's Star,GJ 699,87937,V2500 Oph,-,-,9.54,269.454023,4.668288,IAU WGSN,,,,V2500,Oph
,Baten Kaitos,HR 539,8645,ζ Cet,Aa,01515-1020,3.74,27.865137,-10.335044,,,,,ζ,Cet
,Beemim,HR 1393,20535,υ3 Eri,-,-,3.97,66.009239,-34.016848,corrupted,Almagest 1515,,,υ3,Eri
,Beid,HR 1298,19587,ο1 Eri,-,-,4.04,62.966415,-6.83758,,,,,ο1,Eri
,Belel,HD 181342,95124,_ Sgr,_,_,7.55,290.267627,-23.61957,2019 IAU100 NameExoWorlds,Senegalese proposal; Belel is a rare source of water in the north of Senegal.,https://www.nameexoworlds.iau.org/2019approved-names,,_,Sgr
,Bellatrix,HR 1790,25336,γ Ori,-,05251+0621,1.64,81.282764,6.349703,,,,,γ,Ori
,Berehynia,HAT-P-15,HAT-P-15,_ Per,_,_,12.02,66.248062,39.460642,2019 IAU100 NameExoWorlds,"Ukrainian proposal. Berehynia was a Slavic deity of waters and riverbanks but in more recent times her status has been promoted to that of a national goddess — ""hearth mother, protectress of the earth"".",https://www.nameexoworlds.iau.org/2019approved-names,,_,Per
,Betelgeuse,HR 2061,27989,α Ori,Aa,05552+0724,0.45,88.792939,7.407064,,,,,α,Ori
,Bharani,HR 838,13209,41 Ari,Aa,02500+2716,3.61,42.495972,27.260507,,,,,41,Ari
,Bibhā,HD 86081,48711,_ Sex,_,_,8.73,149.024661,-3.808423,2019 IAU100 NameExoWorlds,"Indian proposal; Bibhā [/bɪbɦa/] is the Bengali pronunciation of the Sanskrit word Vibha, which means a bright beam of light.",https://www.nameexoworlds.iau.org/2019approved-names,,_,Sex
,Biham,HR 8450,109427,θ Peg,-,-,3.52,332.549939,6.197863,,,,,θ,Peg
,Bosona,HD 206610,107251,_ Aqr,_,_,8.34,325.853751,-7.408253,2019 IAU100 NameExoWorlds,"Bosnia and Herzegovina proposal; Bosona is the name given to the territory of Bosnia in the 10th century. Later, the name was transformed to Bosnia originating from the name of the Bosna river.",https://www.nameexoworlds.iau.org/2019approved-names,,_,Aqr
,Botein,HR 951,14838,δ Ari,-,-,4.35,47.907356,19.726674,,,,,δ,Ari
,Brachium,HR 5603,73714,σ Lib,A,15041-2517,3.25,226.017567,-25.281961,,,,,σ,Lib
,Bubup,HD 38283,26380,_ Men,_,_,6.69,84.258403,-73.699346,2019 IAU100 NameExoWorlds,Australian proposal; Bubup is the Boonwurrung word for child.,https://www.nameexoworlds.iau.org/2019approved-names,,_,Men
,Buna,HD 16175,12191,_ And,_,_,7.28,39.257963,42.06263,2019 IAU100 NameExoWorlds,Ethiopian proposal; Buna is the commonly used word for coffee in Ethiopia.,https://www.nameexoworlds.iau.org/2019approved-names,,_,And
,Bunda,HR 8264,106786,ξ Aqr,A,21378-0751,4.80,324.437956,-7.854202,,,,,ξ,Aqr
,Bélénos,HD 8574,6643,_ Psc,_,_,7.12,21.302148,28.566695,2019 IAU100 NameExoWorlds,"French proposal; Bélénos was the god of light, of the Sun, and of health in Gaulish mythology.",https://www.nameexoworlds.iau.org/2019approved-names,,_,Psc
,Canopus,HR 2326,30438,α Car,A,06240-5242,-0.62,95.987958,-52.695661,,,,,α,Car
,Capella,HR 1708,24608,α Aur,Aa,05167+4600,0.08,79.172328,45.997991,,,,,α,Aur
,Caph,HR 21,746,β Cas,A,00092+5909,2.28,2.294522,59.149781,,,,,β,Cas
,Castor,HR 2891,36850,α Gem,Aa,07346+3153,1.98,113.649428,31.888276,,,,,α,Gem
,Castula,HR 265,4422,υ2 Cas,-,-,4.62,14.166271,59.181055,IAU WGSN,,,,υ2,Cas
,Cebalrai,HR 6603,86742,β Oph,-,-,2.76,265.868136,4.5673,,,,,β,Oph
,Ceibo,HD 63454,37284,_ Cha,_,_,9.37,114.841057,-78.278974,2019 IAU100 NameExoWorlds,Uruguayan proposal; Ceibo is the name of the native tree of Uruguay that gives rise to the national flower.,https://www.nameexoworlds.iau.org/2019approved-names,,_,Cha
,Celaeno,HR 1140,17489,16 Tau,-,03448+2417,5.45,56.200893,24.289468,,,,,16,Tau
,Cervantes,HR 6585,86796,μ Ara,-,-,5.15,266.036255,-51.834051,2015 NameExoWorlds,"Miguel de Cervantes Saavedra (1547-1616) was a famous Spanish writer and author of ""El Ingenioso Hidalgo Don Quixote de la Mancha"".",https://www.nameexoworlds.iau.org/2015edition,,μ,Ara
,Chalawan,HR 4277,53721,47 UMa,-,-,5.03,164.866553,40.430256,2015 NameExoWorlds,Chalawan is a mythological crocodile king from a Thai folktale.,https://www.nameexoworlds.iau.org/2015edition,,47,UMa
,Chamukuy,HR 1412,20894,θ2 Tau,Aa,04287+1552,3.73,67.165586,15.870882,,,,,θ2,Tau
,Chaophraya,WASP-50,WASP-50,_ Eri,_,_,11.74,43.688059,-10.898063,2019 IAU100 NameExoWorlds,Thai proposal; Chao Phraya is the great river of Thailand.,https://www.nameexoworlds.iau.org/2019approved-names,,_,Eri
,Chara,HR 4785,61317,β CVn,Aa,12337+4121,4.24,188.435603,41.357479,,,,,β,CVn
,Chasoň,HAT-P-5,HAT-P-5,_ Lyr,_,18176+3637,11.96,274.40547,36.621436,2019 IAU100 NameExoWorlds,Slovakian proposal; Chasoň is an ancient Slovak term for Sun.,https://www.nameexoworlds.iau.org/2019approved-names,,_,Lyr
,Chechia,HD 192699,99894,_ Aql,_,_,6.44,304.025017,4.580795,2019 IAU100 NameExoWorlds,"Chechia is a flat-surfaced, traditional red wool hat worn by men and women, symbolising the country's rich traditions and is considered as the national headdress for in Tunisia.",https://www.nameexoworlds.iau.org/2019approved-names,,_,Aql
,Chertan,HR 4359,54879,θ Leo,-,-,3.33,168.560019,15.429571,,,,,θ,Leo
,Citadelle,HD 1502,1547,_ Psc,_,_,8.36,4.82111,14.054756,2019 IAU100 NameExoWorlds,"Haitian proposal; The Citadelle is a large mountaintop fortress in Nord, Haiti built after Haiti's independence, and was designated a UNESCO World Heritage site along with the nearby Sans-Souci Palace.",https://www.nameexoworlds.iau.org/2019approved-names,,_,Psc
,Citalá,HD 52265,33719,_ Mon,_,_,6.29,105.075149,-5.367161,2019 IAU100 NameExoWorlds,El Salvadorian proposal; Citalá means River of stars in the native Nahuat language.,https://www.nameexoworlds.iau.org/2019approved-names,,_,Mon
,Cocibolca,HD 4208,3479,_ Scl,_,_,7.78,11.111045,-26.515683,2019 IAU100 NameExoWorlds,Nicaraguan proposal; Cocibolca is the Nahualt name for the largest lake in Central America in Nicaragua.,https://www.nameexoworlds.iau.org/2019approved-names,,_,Scl
,Copernicus,HR 3522,43587,55 Cnc,A,08526+2820,5.95,133.149212,28.33082,2015 NameExoWorlds,"Nicolaus Copernicus or Mikolaj Kopernik (1473-1543) was a Polish astronomer who proposed the heliocentric model of the solar system in his book ""De revolutionibus orbium coelestium"".",https://www.nameexoworlds.iau.org/2015edition,,55,Cnc
,Cor Caroli,HR 4915,63125,α2 CVn,Aa,12560+3819,2.89,194.006943,38.318376,Latin (English),"Lamb (1673), Piazzi (1814)",,,α2,CVn
,Cujam,HR 6117,80463,ω Her,A,16254+1402,4.57,246.353979,14.033274,,,,,ω,Her
,Cursa,HR 1666,23875,β Eri,-,05078-0505,2.78,76.96244,-5.086446,,,,,β,Eri
,Dabih,HR 7776,100345,β1 Cap,Aa,20210-1447,3.05,305.252803,-14.781405,,,,,β1,Cap
,Dalim,HR 963,14879,α For,A,03121-2859,3.86,48.018864,-28.98762,,,,,α,For
,Deneb,HR 7924,102098,α Cyg,-,20414+4517,1.25,310.35798,45.280339,,,,,α,Cyg
,Deneb Algedi,HR 8322,107556,δ Cap,Aa,21470-1608,2.85,326.760184,-16.127287,,,,,δ,Cap
,Denebola,HR 4534,57632,β Leo,-,11491+1434,2.14,177.26491,14.572058,,,,,β,Leo
,Diadem,HR 4968,64241,α Com,A,13100+1732,4.85,197.497029,17.529447,,,,,α,Com
,Dingolay,HD 96063,54158,_ Leo,_,_,8.21,166.185228,-2.513218,2019 IAU100 NameExoWorlds,"Trinidad and Tobago proposal; Dingolay means to dance, twist and turn in elaborate movements, symbolising the culture and language of the ancestors of the people of Trinidad and Tobago.",https://www.nameexoworlds.iau.org/2019approved-names,,_,Leo
,Diphda,HR 188,3419,β Cet,-,-,2.04,10.897379,-17.986606,,,,,β,Cet
,Diya,WASP-72,WASP-72,_ For,_,02442-3010,10.97,41.040041,-30.169045,2019 IAU100 NameExoWorlds,"Mauritian proposal; Diya is an oil lamp that is brought by Indian ancestors to Mauritius in the 1820's, and is used for lighting during special occasions, including the light festival of Diwali.",https://www.nameexoworlds.iau.org/2019approved-names,,_,For
,Dofida,HD 117618,66047,_ UMa,_,_,7.17,203.106482,-47.271365,2019 IAU100 NameExoWorlds,Indonesian proposal; Dofida means our star in Nias language.,https://www.nameexoworlds.iau.org/2019approved-names,,_,Cen
,Dombay,HAT-P-3,,_ UMa,_,_,11.52,206.094141,48.028668,2019 IAU100 NameExoWorlds,"Russian proposal; Dombay is a resort region in the North Caucasus mountains that is enclosed by mountain forests and rich wildlife, including bears (as this star lies in the constellation Ursa Major, the great bear).",https://www.nameexoworlds.iau.org/2019approved-names,,_,UMa
,Dschubba,HR 5953,78401,δ Sco,A,16003-2237,2.29,240.083359,-22.62171,,,,,δ,Sco
,Dubhe,HR 4301,54061,α UMa,A,11037+6145,1.81,165.931965,61.751035,,,,,α,UMa
,Dziban,HR 6636,86614,ψ1 Dra,A,17419+7209,4.57,265.484814,72.148847,,,,,ψ1,Dra
,Dìwö,WASP-17,WASP-17,_ Sco,_,15598-2804,11.49,239.962287,-28.061753,2019 IAU100 NameExoWorlds,Costa Rican proposal; Dìwö in Bribri language means the sun (bigger than the sun we know) and that never turns off.,https://www.nameexoworlds.iau.org/2019approved-names,,_,Sco
,Ebla,HD 218566,114322,_ Psc,_,_,8.59,347.294696,-2.260746,2019 IAU100 NameExoWorlds,"Syrian proposal; Ebla was one of the earliest kingdoms in Syria, and served as a prominent region in the 2nd and 3rd millenia B.C.",https://www.nameexoworlds.iau.org/2019approved-names,,_,Psc
,Edasich,HR 5744,75458,ι Dra,-,15249+5858,3.29,231.232396,58.966063,,,,,ι,Dra
,Electra,HR 1142,17499,17 Tau,-,03449+2407,3.72,56.218904,24.113336,,,,,17,Tau
,Elgafar,HR 5409,70755,ϕ Vir,A,14282-0214,4.84,217.050575,-2.227957,,,,,ϕ,Vir
,Elkurud,HR 2177,29034,θ Col,-,-,5.00,91.881801,-37.25292,,,,,θ,Col
,Elnath,HR 1791,25428,β Tau,Aa,05263+2836,1.65,81.572971,28.607452,,,,,β,Tau
,Eltanin,HR 6705,87833,γ Dra,-,17566+5129,2.24,269.151541,51.488896,,,,,γ,Dra
,Emiw,HD 7199,5529,_ Tuc,_,_,8.06,17.696756,-66.188164,2019 IAU100 NameExoWorlds,Mozambique proposal; Emiw represents love in the local Makhuwa language of the northern region of Mozambique.,https://www.nameexoworlds.iau.org/2019approved-names,,_,Tuc
,Enif,HR 8308,107315,ε Peg,-,21442+0953,2.38,326.046484,9.875009,,,,,ε,Peg
,Errai,HR 8974,116727,γ Cep,Aa,23393+7738,3.21,354.836655,77.632313,,,,,γ,Cep
,Fafnir,HR 6945,90344,42 Dra,A,18260+6534,4.82,276.496406,65.56348,2015 NameExoWorlds,Fafnir was a Norse mythological dwarf who turned into a dragon.,https://www.nameexoworlds.iau.org/2015edition,,42,Dra
,Fang,HR 5944,78265,π Sco,Aa,15589-2607,2.89,239.712972,-26.114108,,,,,π,Sco
,Fawaris,HR 7528,97165,δ Cyg,A,19450+4508,2.90,296.243658,45.13081,,,,,δ,Cyg
,Felis,HR 3923,48615,- Hya,-,-,4.94,148.717528,-19.009336,,,,,-,Hya
,Felixvarela,BD-17 63,2247,_ Cet,_,_,9.62,7.142942,-16.226345,2019 IAU100 NameExoWorlds,"Cuban proposal; Felix Varela (1788–1853) was the first to teach science in Cuba at the San Carlos and San Ambrosio Seminary. He opened the way to education for all, and began the experimental teaching of physics in Cuba.",https://www.nameexoworlds.iau.org/2019approved-names,,_,Cet
,Flegetonte,HD 102195,57370,_ Vir,_,11457+0249,8.07,176.42622,2.821479,2019 IAU100 NameExoWorlds,"Italian proposal. Flegetonte is the underworld river of fire from Greek Mythology in the Italian narrative poem on the afterlife ""Divina Commedia"" (Divine Commedy) by Dante Alighieri, chosen as an allusion to the star's fiery nature.",https://www.nameexoworlds.iau.org/2019approved-names,,_,Vir
,Fomalhaut,HR 8728,113368,α PsA,A,22577-2937,1.17,344.412693,-29.622237,2019 IAU100 NameExoWorlds,"The name is originally from Arabic: فم الحوت fum al-ḥawt ('mouth of the fish'). In Persian astrology, this star was called ""Haftorang, Watcher of the South"", one of the royal stars.",https://www.nameexoworlds.iau.org/2019approved-names,,α,PsA
,Formosa,HD 100655,56508,_ Leo,_,_,6.45,173.765637,20.441545,2019 IAU100 NameExoWorlds,"Chinese Taipei proposal; Formosa is the historical name of Taiwan used in the 17th century, meaning beautiful in Latin.",https://www.nameexoworlds.iau.org/2019approved-names,,_,Leo
,Franz,HAT-P-14,HAT-P-14,_ Her,_,17205+3815,9.86,260.11616,38.242197,2019 IAU100 NameExoWorlds,"Austrian proposal; Franz is a character in the movie ""Sissi"" embodying an emperor of Austria in the XIXth century. The role is played by the actor Karlheinz Böhm.",https://www.nameexoworlds.iau.org/2019approved-names,,_,Her
,Fulu,HR 153,2920,ζ Cas,-,-,3.69,9.242851,53.896908,,,,,ζ,Cas
,Fumalsamakah,HR 8773,113889,β Psc,-,-,4.48,345.969225,3.820045,,,,,β,Psc
,Funi,HD 109246,61177,_ Dra,_,_,8.75,188.029952,74.489547,2019 IAU100 NameExoWorlds,Icelandic proposal; Funi is an old Icelandic word meaning fire or blaze.,https://www.nameexoworlds.iau.org/2019approved-names,,_,Dra
,Furud,HR 2282,30122,ζ CMa,Aa,06203-3004,3.02,95.0783,-30.063367,,,,,ζ,CMa
,Fuyue,HR 6630,87261,- Sco,-,17499-3703,3.19,267.464503,-37.043305,,,,,-,Sco
,Gacrux,HR 4763,61084,γ Cru,-,12312-5707,1.59,187.791498,-57.113213,,,,,γ,Cru
,Gakyid,HD 73534,42446,_ Cnc,_,_,8.23,129.815846,12.960375,2019 IAU100 NameExoWorlds,Bhutan proposal; Gakyid means happiness. Gross National Happiness is the development philosophy conceived and followed in Bhutan and is one of Bhutan's contributions to the world.,https://www.nameexoworlds.iau.org/2019approved-names,,_,Cnc
,Geminga,PSR B0633+17,PSR B0633+17,_ Gem,-,-,-,98.475638,17.770253,,,,,_,Gem
,Giausar,HR 4434,56211,λ Dra,-,-,3.82,172.85092,69.331075,,,,,λ,Dra
,Gienah,HR 4662,59803,γ Crv,A,12158-1733,2.58,183.951543,-17.541929,,,,,γ,Crv
,Ginan,HR 4700,60260,ε Cru,-,-,3.59,185.340039,-60.401147,,,,,ε,Cru
,Gloas,WASP-13,,_ Lyn,_,_,10.51,140.102977,33.882417,2019 IAU100 NameExoWorlds,"British proposal; In Manx Gaelic, Gloas means to shine (like a star).",https://www.nameexoworlds.iau.org/2019approved-names,,_,Lyn
,Gomeisa,HR 2845,36188,β CMi,A,07272+0817,2.89,111.787674,8.289316,,,,,β,CMi
,Grumium,HR 6688,87585,ξ Dra,A,17535+5652,3.73,268.382207,56.872646,,,,,ξ,Dra
,Gudja,HR 5879,77450,κ Ser,-,-,4.09,237.184903,18.141564,,,,,κ,Ser
,Gumala,HD 179949,94645,V5652 Sgr,_,19156-2411,6.25,288.888459,-24.179354,2019 IAU100 NameExoWorlds,"Brunei proposal; Gumala is a Malay word, which means a magic bezoar stone found in snakes, dragons, etc.",https://www.nameexoworlds.iau.org/2019approved-names,,V5652,Sgr
,Guniibuu,HR 6402,84405,36 Oph,A,17153-2636,5.07,258.837875,-26.598892,,,,,36,Oph
,Hadar,HR 5267,68702,β Cen,Aa,14038-6022,0.61,210.955856,-60.373035,,,,,β,Cen
,Haedus,HR 1641,23767,η Aur,-,-,3.18,76.628722,41.234476,,,,,η,Aur
,Hamal,HR 617,9884,α Ari,-,-,2.01,31.793357,23.462418,,,,,α,Ari
,Hassaleh,HR 1577,23015,ι Aur,-,-,2.69,74.248421,33.1661,Atlas Coeli,,,,ι,Aur
,Hatysa,HR 1899,26241,ι Ori,Aa,05354-0555,2.80,83.858258,-5.909901,Atlas Coeli,,,,ι,Ori
,Helvetios,HR 8729,113357,51 Peg,-,22575+2046,5.49,344.366583,20.768831,2015 NameExoWorlds,"Helvetios is the Latin for ""the Helvetian"" and refers to the Celtic tribe that lived in Switzerland during the Middle Ages.",https://www.nameexoworlds.iau.org/2015edition,,51,Peg
,Heze,HR 5107,66249,ζ Vir,A,13347-0036,3.38,203.6733,-0.59582,Atlas Coeli,,,,ζ,Vir
,Hoggar,HD 28678,21109,_ Tau,_,_,8.38,67.856059,4.575295,2019 IAU100 NameExoWorlds,Algerian proposal; Hoggar is the name of the main mountain range in the Sahara Desert in southern Algeria.,https://www.nameexoworlds.iau.org/2019approved-names,,_,Tau
,Homam,HR 8634,112029,ζ Peg,A,22415+1050,3.41,340.365503,10.831363,,,,,ζ,Peg
,Horna,HAT-P-38,HAT-P-38,_ Tri,_,_,12.53,35.383251,32.246136,2019 IAU100 NameExoWorlds,Finnish proposal; Horna is hell or the underworld from Finnic mythology.,https://www.nameexoworlds.iau.org/2019approved-names,,_,Tri
,Hunahpú,HD 98219,55174,_ Crt,_,_,8.05,169.448138,-23.975415,2019 IAU100 NameExoWorlds,Honduran proposal; Hunahpú was one of the twin gods who became the Sun in K'iche' (Quiché) Mayan mythology as recounted in the Popol Vuh.,https://www.nameexoworlds.iau.org/2019approved-names,,_,Crt
,Hunor,HAT-P-2,,_ Her,_,_,8.72,245.151491,41.048086,2019 IAU100 NameExoWorlds,"Hungarian proposal; Hunor was a legendary ancestor of the Huns and the Hungarian nation, and brother of Magor.",https://www.nameexoworlds.iau.org/2019approved-names,,_,Her
,Iklil,HR 5928,78104,ρ Sco,Aa,15569-2913,3.87,239.221151,-29.214073,,,,,ρ,Sco
,Illyrian,HD 82886,47087,_ LMi,_,_,7.62,143.938267,34.780742,2019 IAU100 NameExoWorlds,"Albanian proposal; Historians largely believe that the Albanians are descendants of the Illyrians, a term Albanians proudly call themselves.",https://www.nameexoworlds.iau.org/2019approved-names,,_,LMi
,Imai,HR 4656,59747,δ Cru,-,-,2.75,183.78632,-58.748927,,,,,δ,Cru
,Inquill,HD 156411,84787,_ Ara,_,_,6.67,259.964168,-48.54932,2019 IAU100 NameExoWorlds,Peruvian proposal; Inquill was one half of the couple involved in the tragic love story Way to the Sun by famous Peruvian writer Abraham Valdelomar.,https://www.nameexoworlds.iau.org/2019approved-names,,_,Ara
,Intan,HD 20868,15578,_ For ,_,_,9.92,50.177891,-33.730104,2019 IAU100 NameExoWorlds,"Malaysian proposal; Intan means diamond in the Malay language (Bahasa Melayu), alluding to the shining of a star.",https://www.nameexoworlds.iau.org/2019approved-names,,_,For
,Intercrus,HR 3743,46471,_ UMa,-,09287+4536,5.41,142.166618,45.601482,2015 NameExoWorlds,"Intercrus means ""between the legs"" in Latin style, referring to the star's position in the constellation Ursa Major.",https://www.nameexoworlds.iau.org/2015edition,,-,UMa
,Irena,WASP-38,WASP-38,_ Her,_,_,9.41,243.959855,10.032579,2019 IAU100 NameExoWorlds,Slovenian proposal; Irena is a leading character in the novel Under the Free Sun: a Story of the Ancient Grandfathers by Slovene writer Fran Saleški Finžgar. Irena is a woman of the court.,https://www.nameexoworlds.iau.org/2019approved-names,,_,Her
,Itonda,HD 208487,108375,_ Gru,_,_,7.47,329.332698,-37.763624,2019 IAU100 NameExoWorlds,"Gabonese proposal; Itonda, in the Myene tongue, corresponds to all that is beautiful.",https://www.nameexoworlds.iau.org/2019approved-names,,_,Gru
,Izar,HR 5506,72105,ε Boo,A,14450+2704,2.35,221.246763,27.074207,,,,,ε,Boo
,Jabbah,HR 6027,79374,ν Sco,Aa,16120-1928,4.50,242.998894,-19.460708,,,,,ν,Sco
,Jishui,HR 2930,37265,ο Gem,-,-,4.89,114.791387,34.584346,,,,,ο,Gem
,Kaffaljidhma,HR 804,12706,γ Cet,A,02433+0314,3.56,40.825163,3.235816,,,,,γ,Cet
,Kalausi,HD 83443,47202,_ Vel,_,09372-4316,8.23,144.299282,-43.272204,2019 IAU100 NameExoWorlds,Kenyan proposal; The word Kalausi means a very strong whirling column of wind in the Dholuo language of Kenya.,https://www.nameexoworlds.iau.org/2019approved-names,,_,Vel
,Kamuy,HD 145457,79219,_ CrB,_,_,6.57,242.51631,26.742748,2019 IAU100 NameExoWorlds,Japanese proposal; Kamuy is a word in the Ainu language denoting a supernatural entity possessing spiritual energy.,https://www.nameexoworlds.iau.org/2019approved-names,,_,CrB
,Kang,HR 5315,69427,κ Vir ,-,-,4.18,213.223939,-10.273704,,,,,κ,Vir
,Karaka,HD 137388,76351,_ Aps,_,15357-8012,8.71,233.916337,-80.204594,2019 IAU100 NameExoWorlds,"New Zealand proposal; Karaka is the word in the Māori language for a plant endemic to New Zealand that produces a bright orange, fleshy fruit.",https://www.nameexoworlds.iau.org/2019approved-names,,_,Aps
,Kaus Australis,HR 6879,90185,ε Sgr,A,18242-3423,1.79,276.042993,-34.384616,,,,,ε,Sgr
,Kaus Borealis,HR 6913,90496,λ Sgr,-,18280-2525,2.82,276.992668,-25.421701,,,,,λ,Sgr
,Kaus Media,HR 6859,89931,δ Sgr,-,18210-2950,2.72,275.248508,-29.828104,,,,,δ,Sgr
,Kaveh,HD 175541,92895,_ Ser,_,_,8.02,283.92035,4.265323,2019 IAU100 NameExoWorlds,"Iranian proposal; Kaveh is one of the heroes of Shahnameh, the epic poem composed by Persian poet Ferdowsi between 977 and 1010 CE. Kaveh is a blacksmith who symbolises justice.",https://www.nameexoworlds.iau.org/2019approved-names,,_,Ser
,Keid,HR 1325,19849,ο2 Eri,A,04153-0739,4.43,63.817999,-7.652872,,,,,ο2,Eri
,Khambalia,HR 5359,69974,λ Eri,A,14191-1322,4.52,214.777468,-13.371096,,,,,λ,Vir
,Kitalpha,HR 8131,104987,α Equ,A,21158+0515,3.92,318.955949,5.247865,,,,,α,Equ
,Kochab,HR 5563,72607,β UMi,-,14507+7409,2.07,222.676357,74.155504,,,,,β,UMi
,Koeia,HIP 12961,12961,_ Eri,_,_,10.25,41.678695,-23.086612,2019 IAU100 NameExoWorlds,Puerto Rican proposal; Koeia was the word for star in the language of the Taíno Indigenous People of the Caribbean.,https://www.nameexoworlds.iau.org/2019approved-names,,_,Eri
,Koit,XO-4,XO-4,_ Lyn,_,_,10.62,110.388168,58.268087,2019 IAU100 NameExoWorlds,Estonian proposal; Koit is Estonian for the time when the Sun rises in the morning (dawn).,https://www.nameexoworlds.iau.org/2019approved-names,,_,Lyn
,Kornephoros,HR 6148,80816,β Her,Aa,16302+2129,2.78,247.554998,21.489611,,,,,β,Her
,Kraz,HR 4786,61359,β Crv,-,-,2.65,188.59681,-23.396759,Atlas Coeli,,,,β,Crv
,Kurhah,HR 8417,108917,ξ Cep ,Aa,22038+6438,4.26,330.947724,64.627971,,,,,ξ,Cep
,La Superba,HR 4846,62223,Y CVn,-,-,5.42,191.282615,45.440257,,,,,Y,CVn
,Larawag,HR 6241,82396,ε Sco,-,-,2.29,252.540878,-34.293232,,,,,ε,Sco
,Lerna,HAT-P-42,HAT-P-42,_ Hya,_,_,12.15,135.344371,6.097227,2019 IAU100 NameExoWorlds,"Greek proposal; Lerna was the name of a lake in the eastern Peloponnese, where the Lernaean Hydra, an immortal mythical nine-headed beast lived. The star lies in the constellation of Hydra.",https://www.nameexoworlds.iau.org/2019approved-names,,_,Hya
,Lesath,HR 6508,85696,υ Sco,-,-,2.70,262.690979,-37.295813,,,,,υ,Sco
,Libertas,HR 7595,97938,ξ Aql,A,19542+0828,4.71,298.562008,8.461453,2015 NameExoWorlds,"Libertas is Latin for ""liberty"". Liberty refers to social and political freedoms, and a reminder that there are people derived of liberty in the world even today. The constellation Aquila represents an eagle - a popular symbol of liberty.",https://www.nameexoworlds.iau.org/2015edition,,ξ,Aql
,Lich,PSR B1257+12,PSR B1257+12,- Vir,-,-,-,195.012701,12.682417,2015 NameExoWorlds,Lich is a fictional undead creature known for controlling other undead creatures with magic.,https://www.nameexoworlds.iau.org/2015edition,,-,Vir
,Liesma,HD 118203,66192,_ UMa,_,_,8.05,203.510581,53.728527,2019 IAU100 NameExoWorlds,"Latvian proposal; Liesma means flame, and it is the name of a character from the Latvian poem Staburags un Liesma.",https://www.nameexoworlds.iau.org/2019approved-names,,_,UMa
,Lilii Borea,HR 824,13061,39 Ari,-,-,4.52,41.977256,29.247115,Latin,Nicolas-Louis de Lacaille in 1757,,,39,Ari
,Lionrock,HD 212771,110813,_ Aqr,_,_,7.60,336.762801,-17.263656,2019 IAU100 NameExoWorlds,Hong Kong proposal; Lion Rock is a lion-shaped peak overlooking Hong Kong and is a cultural symbol with deep respect from the local community.,https://www.nameexoworlds.iau.org/2019approved-names,,_,Aqr
,Lucilinburhuc,HD 45350,30860,_ Aur,_,_,7.89,97.190463,38.962962,2019 IAU100 NameExoWorlds,"Luxembourger proposal; The Lucilinburhuc fortress was built in 963 by the founder of Luxembourg, Count Siegfried.",https://www.nameexoworlds.iau.org/2019approved-names,,_,Aur
,Lusitânia,HD 45652,30905,_ Mon,_,_,8.10,97.304966,10.933891,2019 IAU100 NameExoWorlds,Portuguese proposal; Lusitânia is the ancient name of the western region of the Iberic Peninsula where the Lusitanian people lived and where most of modern-day Portugal is situated.,https://www.nameexoworlds.iau.org/2019approved-names,,_,Mon
,Maasym,HR 6526,85693,λ Her,-,-,4.41,262.684626,26.110645,,,,,λ,Her
,Macondo,HD 93083,52521,_ Ant,_,_,8.30,161.087146,-33.577024,2019 IAU100 NameExoWorlds,Colombian proposal; Macondo is the mythical village of the novel One Hundred Years of Solitude (Cien años de soledad) the classic novel by Gabriel García Marquez. Macondo is a fictional place where magic and reality are mixed.,https://www.nameexoworlds.iau.org/2019approved-names,,_,Ant
,Mago,HD 32518,24003,_ Cam,_,_,6.43,77.403,69.639404,2019 IAU100 NameExoWorlds,German proposal; Mago is a National Park in Ethiopia noted for its giraffes. The star also happens to be in the constellation of Camelopardis (the giraffe).,https://www.nameexoworlds.iau.org/2019approved-names,,_,Cam
,Mahasim,HR 2095,28380,θ Aur,A,05597+3713,2.65,89.930292,37.212585,,,,,θ,Aur
,Mahsati,HD 152581,82651,_ Oph,_,_,8.38,253.431594,11.973748,2019 IAU100 NameExoWorlds,Azerbaijani proposal; Mahsati Ganjavi (1089–1159) is one of the brightest shining stars of Azerbaijani poetry. She was said to have associated with both Omar Khayyam and Nizami and was well educated and talented and played numerous musical instruments.,https://www.nameexoworlds.iau.org/2019approved-names,,_,Oph
,Maia,HR 1149,17573,20 Tau,-,03458+2422,3.87,56.456695,24.367751,,,,,20,Tau
,Malmok,WASP-39,WASP-39,V732 Vir,_,14293-0327,11.89,217.32673,-3.444501,2019 IAU100 NameExoWorlds,Aruban proposal; Malmok is an indigenous name given to a beach in Aruba with a narrow sandy stretch that interrupts the limestone and rocky terrace along the coast. Its shallow clear Caribbean waters make it a popular snorkelling spot.,https://www.nameexoworlds.iau.org/2019approved-names,,V732,Vir
,Marfik,HR 6149,80883,λ Oph,A,16309+0159,3.82,247.728453,1.983888,,,,,λ,Oph
,Markab,HR 8781,113963,α Peg,-,-,2.49,346.190223,15.205267,,,,,α,Peg
,Markeb,HR 3734,45941,κ Vel,-,-,2.47,140.528407,-55.010667,,,,,κ,Vel
,Marsic,HR 6008,79043,κ Her,A,16081+1703,5.00,242.018857,17.04698,,,,,κ,Her
,Matar,HR 8650,112158,η Peg,Aa,22430+3013,2.93,340.750579,30.221244,,,,,η,Peg
,Mazaalai,HAT-P-21,HAT-P-21,_ UMa,_,_,11.72,171.274941,41.027964,2019 IAU100 NameExoWorlds,"Mongolian proposal; Mazaalai is the Mongolian name for the endangered Gobi bear subspecies (Ursus arctos gobiensis) of the Gobi Desert region of Mongolia, and the name of the first Mongolian satellite.",https://www.nameexoworlds.iau.org/2019approved-names,,_,UMa
,Mebsuta,HR 2473,32246,ε Gem,-,06439+2508,3.06,100.983026,25.131127,,,,,ε,Gem
,Megrez,HR 4660,59774,δ UMa,-,12154+5702,3.32,183.856503,57.032615,,,,,δ,UMa
,Meissa,HR 1879,26207,λ Ori ,A,05351+0956,3.39,83.784486,9.934156,,,,,λ,Ori
,Mekbuda,HR 2650,34088,ζ Gem,Aa,07041+2034,4.01,106.027215,20.570295,,,,,ζ,Gem
,Meleph,HR 3429,42556,ε Cnc,Aa,08405+1933,6.29,130.112544,19.544809,,,,,ε,Cnc
,Menkalinan,HR 2088,28360,β Aur,Aa,05595+4457,1.90,89.882179,44.947433,,,,,β,Aur
,Menkar,HR 911,14135,α Cet,-,-,2.54,45.569885,4.089737,,,,,α,Cet
,Menkent,HR 5288,68933,θ Cen,-,14067-3622,2.06,211.670617,-36.369958,,,,,θ,Cen
,Menkib,HR 1228,18614,ξ Per,-,03590+3547,3.98,59.741253,35.791032,,,,,ξ,Per
,Merak,HR 4295,53910,β Uma,-,-,2.34,165.460319,56.382426,,,,,β,UMa
,Merga,HR 5533,72487,38 Boo ,-,-,5.76,222.327791,46.116206,,,,,38,Boo
,Meridiana,HR 7254,94114,α CrA,-,-,4.11,287.368087,-37.904473,,,,,α,CrA
,Merope,HR 1156,17608,23 Tau,Aa,03463+2357,4.14,56.581552,23.948348,,,,,23,Tau
,Mesarthim,HR 546,8832,γ1 Ari,A,01535+1918,4.75,28.38256,19.293852,,,,,γ1,Ari
,Miaplacidus,HR 3685,45238,β Car,-,-,1.67,138.299906,-69.717208,,,,,β,Car
,Mimosa,HR 4853,62434,β Cru,-,12477-5941,1.25,191.930263,-59.688764,,,,,β,Cru
,Minchir,HR 3418,42402,σ Hya,-,-,4.45,129.689323,3.341436,,,,,σ,Hya
,Minelauva,HR 4910,63090,δ Vir,-,12556+0324,3.39,193.900869,3.39747,,,,,δ,Vir
,Mintaka,HR 1852,25930,δ Ori,Aa,05320-0018,2.25,83.001667,-0.299095,,,,,δ,Ori
,Mira,HR 681,10826,ο Cet,Aa,02193-0259,6.47,34.836617,-2.97764,,,,,ο,Cet
,Mirach,HR 337,5447,β And,-,01097+3537,2.07,17.433013,35.620557,,,,,β,And
,Miram,HR 834,13268,η Per,A,02507+5554,3.77,42.674207,55.895497,,,,,η,Per
,Mirfak,HR 1017,15863,α Per,-,03243+4952,1.79,51.080709,49.861179,,,,,α,Per
,Mirzam,HR 2294,30324,β Cma,-,06227-1757,1.98,95.674939,-17.955919,,,,,β,CMa
,Misam,HR 941,14668,κ Per,Aa,03095+4451,3.79,47.374048,44.857541,,,,,κ,Per
,Mizar,HR 5054,65378,ζ UMa,Aa,13239+5456,2.23,200.981429,54.925362,,,,,ζ,UMa
,Moldoveanu,XO-1,XO-1,_ CrB,_,_,11.28,240.54936,28.169561,2019 IAU100 NameExoWorlds,Romanian proposal; Moldoveanu is the highest peak in Romania of the Făgăraș mountain range with an altitude of 2544 metres.,https://www.nameexoworlds.iau.org/2019approved-names,,_,CrB
,Montuno,WASP-79,WASP-79,_ Eri,_,_,10.06,66.370903,-30.600447,2019 IAU100 NameExoWorlds,"Panamanian proposal; Montuno is the traditional costume the man wears in the “El Punto”, a Panamanian dance in which a man and woman dance to the sound of drums.",https://www.nameexoworlds.iau.org/2019approved-names,,_,Eri
,Morava,WASP-60,WASP-60,_ Peg,_,_,12.18,356.666561,31.155937,2019 IAU100 NameExoWorlds,Serbian proposal; Morava is the longest river system in Serbia.,https://www.nameexoworlds.iau.org/2019approved-names,,_,Peg
,Moriah,HAT-P-23,HAT-P-23,_ Del,_,_,12.32,306.123848,16.76217,2019 IAU100 NameExoWorlds,Palestinian proposal; Moriah is an ancient name for the mountain within the Old City of Jerusalem.,https://www.nameexoworlds.iau.org/2019approved-names,,_,Del
,Mothallah,HR 544,8796,α Tri,-,01531+2935,3.42,28.27045,29.578826,,,,,α,Tri
,Mouhoun,HD 30856,22491,_ Eri,_,_,7.91,72.574423,-24.368843,2019 IAU100 NameExoWorlds,"Burkina Faso proposal; Mouhoun, also called Volta Noire, is the largest river in Burkina Faso and plays an important role in the lives of the people in the areas it passes through.",https://www.nameexoworlds.iau.org/2019approved-names,,_,Eri
,Mpingo,WASP-71,WASP-71,_ Cet,_,_,10.70,29.26335,0.758855,2019 IAU100 NameExoWorlds,Tanzanian proposal; Mpingo is a famous tree that grows in southern Tanzania and produces ebony wood used for musical instruments and curios.,https://www.nameexoworlds.iau.org/2019approved-names,,_,Cet
,Muliphein,HR 2657,34045,γ CMa,-,-,4.11,105.939554,-15.633286,,,,,γ,CMa
,Muphrid,HR 5235,67927,η Boo,Aa,13547+1824,2.68,208.671161,18.397717,,,,,η,Boo
,Muscida,HR 3323,41704,ο UMa,A,08303+6043,3.35,127.566128,60.71817,Almagest 1515,"Bayer (1603) ""in naso, barbaris muscida."" - attributed to ""Barbarians""",,,ο,UMa
,Musica,HR 8030,103527,18 Del,-,20584+1050,5.48,314.608058,10.839286,2015 NameExoWorlds,Latin for 'music' (the ancient Greek musician Arion's life was saved at sea by dolphins (delphinus) after attracting their attention by playing his kithara),https://www.nameexoworlds.iau.org/2015edition,,18,Del
,Muspelheim,HAT-P-29,HAT-P-29,_ Per,_,02125+5147,11.89,33.13116,51.778767,2019 IAU100 NameExoWorlds,"Danish proposal; Muspelheim is the Norse mythological realm of fire. The first gods used the sparks of Muspelheim to form the sun, moon, planets, and stars.",https://www.nameexoworlds.iau.org/2019approved-names,,_,Per
,Márohu,WASP-6,WASP-6,_ Aqr ,_,_,12.16,348.157237,-22.673966,2019 IAU100 NameExoWorlds,"Dominican Republic proposal; Márohu the god of drought is the protector of the Sun and is engraved at a higher position on the stalagmite than Boinayel in the El Puente cave, where the Sun makes its way down every 21 December.",https://www.nameexoworlds.iau.org/2019approved-names,,_,Aqr
,Mönch,HD 130322,72339,_ Vir,_,14475-0017,8.04,221.886361,-0.281474,2019 IAU100 NameExoWorlds,Swiss proposal; Mönch is one of the prominent peaks of the Bernese Alps in Switzerland.,https://www.nameexoworlds.iau.org/2019approved-names,,_,Vir
,Nahn,HR 3627,44946,ξ Cnc,A,09094+2203,5.70,137.339722,22.045446,,,,,ξ,Cnc
,Naledi,WASP-62,WASP-62,_ Dor,_,_,10.12,87.139974,-63.988441,2019 IAU100 NameExoWorlds,"South African proposal; Naledi means star in the Sesotho, SeTswana and SePedi languages and is typically given as a name to girls in the hope that they will bring light, joy and peace to their communities.",https://www.nameexoworlds.iau.org/2019approved-names,,_,Dor
,Naos,HR 3165,39429,ζ Pup,-,-,2.21,120.896031,-40.003148,,,,,ζ,Pup
,Nashira,HR 8278,106985,γ Cap,A,-,3.69,325.022735,-16.662308,,,,,γ,Cap
,Natasha,HD 85390,48235,_ Vel ,_,09500-4947,8.54,147.510404,-49.790266,2019 IAU100 NameExoWorlds,Zambian proposal; Natasha means thank you in many languages of Zambia.,https://www.nameexoworlds.iau.org/2019approved-names,,_,Vel
,Nekkar,HR 5602,73555,β Boo,-,-,3.49,225.48651,40.390567,,,,,β,Boo
,Nembus,HR 464,7607,51 And,-,-,3.59,24.498154,48.628214,unknown,Bode (1801),,,51,And
,Nenque,HD 6434,5054,_ Phe,_,_,7.72,16.167293,-39.488218,2019 IAU100 NameExoWorlds,Ecuadorian proposal; Nenque means the Sun in the language spoken by the Indigenous Waorani tribes of the Amazon regions of Ecuador,https://www.nameexoworlds.iau.org/2019approved-names,,_,Phe
,Nervia,HD 49674,32916,_ Aur,A,06515+4052,8.10,102.877151,40.867757,2019 IAU100 NameExoWorlds,"Belgian proposal; Nervia, adapted from Nervii, was a prominent Belgian Celtic tribe.",https://www.nameexoworlds.iau.org/2019approved-names,,_,Aur
,Nihal,HR 1829,25606,β Lep,A,05282-2046,2.81,82.061346,-20.759441,,,,,β,Lep
,Nikawiy,HD 136418,74961,_ Boo,_,_,7.88,229.77576,41.733206,2019 IAU100 NameExoWorlds,Canadian proposal; Nikawiy is the word for mother in the Indigenous Cree language of Canada.,https://www.nameexoworlds.iau.org/2019approved-names,,_,Boo
,Nosaxa,HD 48265,31895,_ Pup,_,_,8.05,100.007196,-48.541956,2019 IAU100 NameExoWorlds,"Argentinian proposal; Nosaxa means spring in the Moqoit language. The word comes from a combination of nosahuec, which means renew, and ñaaxa, which means year.",https://www.nameexoworlds.iau.org/2019approved-names,,_,Pup
,Nunki,HR 7121,92855,σ Sgr,Aa,18553-2618,2.05,283.81636,-26.296724,,,,,σ,Sgr
,Nusakan,HR 5747,75695,β CrB,A,15278+2906,3.66,231.957211,29.105699,,,,,β,CrB
,Nushagak,HD 17156,13192,_ Cas,_,_,8.17,42.435361,71.753231,2019 IAU100 NameExoWorlds,"American proposal; Nushagak is a regional river near Dilingham, Alaska, which is famous for its wild salmon that sustain local Indigenous communities.",https://www.nameexoworlds.iau.org/2019approved-names,,_,Cas
,Nyamien,WASP-15,,_ Cen,_,13557-3210,10.91,208.927967,-32.159615,2019 IAU100 NameExoWorlds,Ivory Coast proposal; Nyamien refers to the supreme creator deity of Akan mythology.,https://www.nameexoworlds.iau.org/2019approved-names,,_,Cen
,Násti,HD 68988,40687,_ UMa,_,_,8.20,124.592386,61.460721,2019 IAU100 NameExoWorlds,Norwegian proposal; means 'star' in the Sámi language.,https://www.nameexoworlds.iau.org/2019approved-names,,_,UMa
,Ogma,HD 149026,80838,- Her,-,-,8.16,247.623409,38.347311,2015 NameExoWorlds,"Ogma was a deity of eloquence, writing, and great physical strength in the Celtic mythologies of Ireland and Scotland, and may be related to the Gallo-Roman deity ""Ogmios"".",https://www.nameexoworlds.iau.org/2015edition,,-,Her
,Okab,HR 7235,93747,ζ Aql,A,19054+1352,2.99,286.352533,13.863477,,,,,ζ,Aql
,Paikauhale,HR 6165,81266,τ Sco,A,16359-2813,2.82,248.970637,-28.216017,Hawaii'ian,"Au-haele, Hōkū-‘ula and Paikauhale are documented as three stars in a line, running from north to south. Two of the most reliable sources—Mary Puku‘i and Ruby Johnson—both identify Hōkū-‘ula as Antares (α Sco), which makes Au-haele Alniyat (σ Sco) and Paikauhale τ Sco.",,,τ,Sco
,Parumleo,WASP-32,,_ Psc,_,_,11.54,3.961699,1.200441,2019 IAU100 NameExoWorlds,"Singaporean proposal; Parumleo is a Latin term for little lion, symbolising Singapore's struggle for independence.",https://www.nameexoworlds.iau.org/2019approved-names,,_,Psc
,Peacock,HR 7790,100751,α Pav,Aa,20256-5644,1.94,306.411904,-56.73509,English,Invented for The Air Almanac of the HM Nautical Almanac Office,,,α,Pav
,Petra,WASP-80,,_ Aql,_,20127-0209,11.88,303.167372,-2.14422,2019 IAU100 NameExoWorlds,Jordanian proposal; Petra is a historical and archaeological city in southern Jordan and a UNESCO World Heritage site.,https://www.nameexoworlds.iau.org/2019approved-names,,_,Aql
,Phact,HR 1956,26634,α Col,-,05396-3404,2.65,84.912254,-34.07411,,,,,α,Col
,Phecda,HR 4554,58001,γ UMa,Aa,11538+5342,2.41,178.457679,53.694758,,,,,γ,UMa
,Pherkad,HR 5735,75097,γ UMi,-,-,3.00,230.18215,71.834017,,,,,γ,UMi
,Phoenicia,HD 192263,99711,V1703 Aql,_,20140-0052,7.79,303.499356,-0.866881,2019 IAU100 NameExoWorlds,Lebanese proposal; Phoenicia was an ancient thalassocratic civilisation of the Mediterranean that originated from the area of modern-day Lebanon.,https://www.nameexoworlds.iau.org/2019approved-names,,V1703,Aql
,Piautos,HR 3268,40881,λ Cnc,-,-,5.92,125.133901,24.022311,,,,,λ,Cnc
,Pincoya,HD 164604,88414,_ Sgr,_,_,9.66,270.778888,-28.560655,2019 IAU100 NameExoWorlds,Chilean proposal; Pincoya is a female water spirit from southern Chilean mythology who is said to bring drowned sailors to the Caleuche so that they can live in the afterlife.,https://www.nameexoworlds.iau.org/2019approved-names,,_,Sgr
,Pipirima,HR 6252,82545,μ2 Sco,A,16523-3801,3.56,253.083939,-38.017535,Tahitian,"In Tahiti, a traditional story is told of a brother and sister, named Pipiri and Rehua, who flee their parents into the sky and become stars. Their parents call them Pipiri ma while chasing them into the sky: ma ""with, and"" is used after names to mean ""et al."" In one account, the children become Shaula and Lesath in the tip of the tail of Scorpio, and in another they become Mu² and Mu¹ Scorpii.[citation needed] (In a similar version of the story told in the Cook Islands, they become Omega¹ and Omega² Scorpii).",,,μ2,Sco
,Pipoltr,TrES-3,,V1434 Her,_,_,12.37,268.029244,37.546177,2019 IAU100 NameExoWorlds,"Liechtenstein proposal; In the local dialect of Triesenberg, Pipoltr is a bright and visible butterfly, alluding to the properties of a star.",https://www.nameexoworlds.iau.org/2019approved-names,,V1434,Her
,Pleione,HR 1180,17851,28 Tau,Aa,03492+2408,5.05,57.296738,24.13671,,,,,28,Tau
,Poerava,HD 221287,116084,_ Tuc,_,_,7.82,352.834742,-58.209731,2019 IAU100 NameExoWorlds,Cook Islands proposal; Poerava is the word in the Cook Islands Maori language for a large mystical black pearl of utter beauty and perfection.,https://www.nameexoworlds.iau.org/2019approved-names,,_,Tuc
,Polaris,HR 424,11767,α UMi,Aa,02318+8916,1.97,37.954561,89.264109,,,,,α,UMi
,Polaris Australis,HR 7228,104382,σ Oct,-,-,5.45,317.195164,-88.956499,,,,,σ,Oct
,Polis,HR 6812,89341,μ Sgr,Aa,18138-2104,3.84,273.44087,-21.058832,,,,,μ,Sgr
,Pollux,HR 2990,37826,β Gem,-,07453+2802,1.16,116.328958,28.026199,,,,,β,Gem
,Porrima,HR 4825,61941,γ Vir,A,12417-0127,2.74,190.415181,-1.449373,,,,,γ,Vir
,Praecipua,HR 4247,53229,46 LMi,-,-,3.79,163.327937,34.214872,,,,,46,LMi
,Prima Hyadum,HR 1346,20205,γ Tau,A,04198+1538,3.65,64.948349,15.627643,,,,,γ,Tau
,Procyon,HR 2943,37279,α CMi,A,07393+0514,0.40,114.825493,5.224993,,,,,α,CMi
,Propus,HR 2216,29655,η Gem,A,06149+2230,3.31,93.719405,22.506794,,,,,η,Gem
,Proxima Centauri,GJ 551,GJ 551,α Cen,C,14396-6050,11.01,217.428953,-62.679484,,,,,α,Cen
,Ran,HR 1084,16537,ε Eri,-,03329-0927,3.73,53.232687,-9.458259,2015 NameExoWorlds,"Ran is the Norse goddess of the sea, who stirs up the waves and captures sailors with her net.",https://www.nameexoworlds.iau.org/2015edition,,ε,Eri
,Rana,HR 1136,17378,δ Eri,-,-,3.53,55.812086,-9.763392,,,,,δ,Eri
,Rapeto,HD 153950,83547,_ Sco,_,_,7.39,256.128629,-43.30977,2019 IAU100 NameExoWorlds,Malagasy proposal; Rapeto is a giant creature from Malagasy tales.,https://www.nameexoworlds.iau.org/2019approved-names,,_,Sco
,Rasalas,HR 3905,48455,μ Leo,-,-,3.88,148.190903,26.006953,,,,,μ,Leo
,Rasalgethi,HR 6406,84345,α1 Her,Aa,17146+1423,3.37,258.66191,14.390333,,,,,α1,Her
,Rasalhague,HR 6556,86032,α Oph,A,17349+1234,2.08,263.733627,12.560035,,,,,α,Oph
,Rastaban,HR 6536,85670,β Dra,A,17304+5218,2.79,262.608174,52.301389,,,,,β,Dra
,Regulus,HR 3982,49669,α Leo,A,10084+1158,1.36,152.092962,11.967209,,,,,α,Leo
,Revati,HR 361,5737,ζ Psc,A,01137+0735,5.21,18.432864,7.575354,,,,,ζ,Psc
,Rigel,HR 1713,24436,β Ori,A,05145-0812,0.18,78.634467,-8.201638,,,,,β,Ori
,Rigil Kentaurus,HR 5459,71683,α Cen,A,14396-6050,-0.01,219.902066,-60.833975,,,,,α,Cen
,Rosaliadecastro,HD 149143,81022,_ Oph,_,_,7.89,248.212712,2.084828,2019 IAU100 NameExoWorlds,"Spanish proposal; Rosalia de Castro was a significant figure of Galician culture and prominent Spanish writer, whose pioneeting work often referenced the night and celestial objects.",https://www.nameexoworlds.iau.org/2019approved-names,,_,Oph
,Rotanev,HR 7882,101769,β Del,A,20375+1436,3.64,309.387235,14.595115,reversed Latin,"< Venator reversed (Niccolo Cacciatore > Nicolaus Venator, responsible for 1814 star catalogue)",1814 Palermo Star Catalogue,,β,Del
,Ruchbah,HR 403,6686,δ Cas,Aa,01258+6014,2.66,21.453964,60.235284,,,,,δ,Cas
,Rukbat,HR 7348,95347,α Sgr,-,-,3.96,290.97157,-40.61594,,,,,α,Sgr
,Sabik,HR 6378,84012,η Oph,A,17104-1544,2.43,257.594529,-15.724907,,,,,η,Oph
,Saclateni,HR 1612,23453,ζ Aur,A,05025+4105,3.69,75.619531,41.075839,Latin,,,,ζ,Aur
,Sadachbia,HR 8518,110395,γ Aqr,Aa,22217-0123,3.86,335.414064,-1.387334,,,,,γ,Aqr
,Sadalbari,HR 8684,112748,μ Peg,-,-,3.51,342.500809,24.601577,,,,,μ,Peg
,Sadalmelik,HR 8414,109074,α Aqr,A,22058-0019,2.95,331.445983,-0.319849,,,,,α,Aqr
,Sadalsuud,HR 8232,106278,β Aqr,A,21316-0534,2.90,322.889715,-5.571176,,,,,β,Aqr
,Sadr,HR 7796,100453,γ Cyg,A,20222+4015,2.23,305.557091,40.256679,,,,,γ,Cyg
,Sagarmatha,HD 100777,56572,_ Leo,_,_,8.42,173.964679,-4.755695,2019 IAU100 NameExoWorlds,Nepalese proposal; Sagarmatha is the Nepali name for the highest peak in the world (also known as Mount Everest) and symbol of national pride of Nepal.,https://www.nameexoworlds.iau.org/2019approved-names,,_,Leo
,Saiph,HR 2004,27366,κ Ori,-,-,2.07,86.93912,-9.669605,,"Traditional name from Arabic: سیف الجبار sayf al-jabbār, literally 'saif ('sword') of the giant'.",,,κ,Ori
,Salm,HR 8880,115250,τ Peg,-,-,4.58,350.159341,23.740336,,,,,τ,Peg
,Sansuna,HAT-P-34,HAT-P-34,_ Sge,_,20127+1806,10.31,303.195361,18.104833,2019 IAU100 NameExoWorlds,Maltese proposal; Sansuna is the name of the mythological giant from traditional Maltese folk tales that carried the stones of the Gozo megalithic temples on her head.,https://www.nameexoworlds.iau.org/2019approved-names,,_,Sge
,Sargas,HR 6553,86228,θ Sco,A,17373-4300,1.86,264.329711,-42.997824,,,,,θ,Sco
,Sarin,HR 6410,84379,δ Her,Aa,17150+2450,3.12,258.757963,24.839204,Atlas Coeli,,,,δ,Her
,Sceptrum,HR 1481,21594,53 Eri,A,04382-1418,4.02,69.545104,-14.304017,Latin,from the obsolete constellation of Sceptrum Brandenburgicum,,,53,Eri
,Scheat,HR 8775,113881,β Peg,-,23038+2805,2.44,345.943572,28.082785,,,,,β,Peg
,Schedar,HR 168,3179,α Cas,-,00405+5632,2.24,10.126838,56.537331,,,,,α,Cas
,Secunda Hyadum,HR 1373,20455,δ Tau,Aa,04230+1732,3.78,65.733719,17.542514,,,,,δ,Tau
,Segin,HR 0542,8886,ε Cas,-,-,3.35,28.598857,63.670101,Atlas Coeli,,,,ε,Cas
,Seginus,HR 5435,71075,γ Boo,Aa,14321+3818,3.04,218.019466,38.308251,,,,,γ,Boo
,Sham,HR 7479,96757,α Sge,-,19401+1801,4.39,295.024133,18.013891,,,,,α,Sge
,Shama,HD 99109,55664,_ Leo,_,_,9.10,171.072328,-1.529073,2019 IAU100 NameExoWorlds,"Pakistani proposal; Shama is an Urdu literary term meaning a small lamp or flame, symbolic of the light of the star.",https://www.nameexoworlds.iau.org/2019approved-names,,_,Leo
,Sharjah,HIP 79431,79431,_ Sco,_,_,11.34,243.174084,-18.875503,2019 IAU100 NameExoWorlds,"United Arab Emirates proposal; Sharjah is the cultural capital of United Arab Emirates, and considered the city of knowledge due to its many educational centers, institutes, museums, libraries and heritage centers.",https://www.nameexoworlds.iau.org/2019approved-names,,_,Sco
,Shaula,HR 6527,85927,λ Sco,Aa,17336-3706,1.62,263.402167,-37.103824,,,,,λ,Sco
,Sheliak,HR 7106,92420,β Lyr,Aa1,18501+3322,3.52,282.519978,33.362668,,,,,β,Lyr
,Sheratan,HR 553,8903,β Ari,A,01546+2049,2.64,28.660046,20.808031,,,,,β,Ari
,Sika,HD 181720,95262,_ Sgr,_,_,7.84,290.72077,-32.919053,2019 IAU100 NameExoWorlds,Ghanaian proposal; means 'gold' in the Ewe language.,https://www.nameexoworlds.iau.org/2019approved-names,,_,Sgr
,Sirius,HR 2491,32349,α CMa,A,06451-1643,-1.44,101.287155,-16.716116,,,,,α,CMa
,Situla,HR 8610,111710,κ Aqr,A,22378-0414,5.04,339.439084,-4.228056,,,,,κ,Aqr
,Skat,HR 8709,113136,δ Aqr,A,-,3.27,343.662556,-15.820827,,,,,δ,Aqr
,Solaris,BD+14-4559,BD+14-4559,_ Peg,_,_,9.78,318.399959,14.689385,2019 IAU100 NameExoWorlds,"Polish proposal; named after Solaris, a novel by Stanisław Lem.",https://www.nameexoworlds.iau.org/2019approved-names,,_,Peg
,Spica,HR 5056,65474,α Vir,Aa,13252-1110,0.98,201.298247,-11.161319,Latin-Graeco-Babylonian,"The Latin term is a translation of the Greek στάχυς which is a translation of Akkadian shubultu [literally written shu-bu-ul-tu4], all meaning: ear of grain.",,,α,Vir
,Sterrennacht,HAT-P-6,HAT-P-6,_ And,_,_,10.54,354.774209,42.465973,2019 IAU100 NameExoWorlds,Dutch proposal; named after The Starry Night by Vincent van Gogh.,https://www.nameexoworlds.iau.org/2019approved-names,,_,And
,Stribor,HD 75898,43674,_ Lyn,_,_,8.03,133.461689,33.056812,2019 IAU100 NameExoWorlds,"Croatian proposal; named after Stribog, the god of winds in Slavic mythology. Stribor is also a character in the book Priče iz davnine (Croatian Tales of Long Ago) by Ivana Brlić-Mažuranić.",https://www.nameexoworlds.iau.org/2019approved-names,,_,Lyn
,Sualocin,HR 7906,101958,α Del,Aa,20396+1555,3.77,309.90953,15.912073,reversed Latin,"< Nicolaus reversed (Niccolo Cacciatore > Nicolaus Venator, responsible for 1814 star catalogue)",1814 Palermo Star Catalogue,,α,Del
,Subra,HR 3852,47508,ο Leo,Aa,09412+0954,3.52,145.28764,9.892308,,,,,ο,Leo
,Suhail,HR 3634,44816,λ Vel,-,09080-4326,2.23,136.998993,-43.432589,,,,,λ,Vel
,Sulafat,HR 7178,93194,γ Lyr,-,18589+3241,3.25,284.735928,32.689557,,,,,γ,Lyr
,Syrma,HR 5338,69701,ι Vir,-,-,4.07,214.003623,-6.000545,,,,,ι,Vir
,Sāmaya,HD 205739,106824,_ PsA,_,_,8.56,324.535016,-31.737484,2019 IAU100 NameExoWorlds,Sri Lankan proposal; Sāmaya means peace in the Sinhalese language.,https://www.nameexoworlds.iau.org/2019approved-names,,_,PsA
,Tabit,HR 1543,22449,π3 Ori,-,04498+0658,3.19,72.460045,6.961275,,,,,π3,Ori
,Taika,HAT-P-40,HAT-P-40,_ Lac,_,_,11.35,335.512865,45.457366,2019 IAU100 NameExoWorlds,Lithuanian proposal; Taika means peace in the Lithuanian language.,https://www.nameexoworlds.iau.org/2019approved-names,,_,Lac
,Taiyangshou,HR 4518,57399,χ UMa,-,-,3.69,176.512559,47.779406,,,,,χ,UMa
,Taiyi,HR 4916,63076,8 Dra,-,-,5.23,193.868951,65.438474,,,,,8,Dra
,Talitha,HR 3569,44127,ι UMa,Aa,08592+4803,3.12,134.80189,48.041826,,,,,ι,UMa
,Tangra,WASP-21,WASP-21,_ Peg,_,_,11.55,347.492723,18.396078,2019 IAU100 NameExoWorlds,Bulgarian proposal; Tangra is the supreme celestial god that early Bulgars worshiped.,https://www.nameexoworlds.iau.org/2019approved-names,,_,Peg
,Tania Australis,HR 4069,50801,μ UMa,A,-,3.06,155.58225,41.499519,,,,,μ,UMa
,Tania Borealis,HR 4033,50372,λ UMa,A,-,3.45,154.274095,42.914356,,,,,λ,UMa
,Tapecue,HD 63765,38041,_ Car,_,_,8.10,116.957168,-54.264144,2019 IAU100 NameExoWorlds,Bolivian proposal; Tapecue means eternal path in Guarani and represents the Milky Way through which the first inhabitants of the Earth arrived and could return.,https://www.nameexoworlds.iau.org/2019approved-names,,_,Car
,Tarazed,HR 7525,97278,γ Aql,-,19463+1037,2.72,296.564915,10.613262,,,,,γ,Aql
,Tarf,HR 3249,40526,β Cnc,A,08165+0911,3.53,124.128838,9.185544,,,,,β,Cnc
,Taygeta,HR 1145,17531,19 Tau,Aa,03452+2428,4.30,56.302063,24.46727,,,,,19,Tau
,Tegmine,HR 3208,40167,ζ1 Cnc,A,08122+1739,4.67,123.05316,17.647821,,,,,ζ1,Cnc
,Tejat,HR 2286,30343,μ Gem,Aa,06230+2231,2.87,95.740112,22.513583,,,,,μ,Gem
,Terebellum,HR 7597,98066,ω Sgr,A,-,4.70,298.959838,-26.299534,,,,,ω,Sgr
,Tevel,HAT-P-9,,_ Aur,_,_,12.26,110.168568,37.140651,2019 IAU100 NameExoWorlds,"Israeli proposal; Tevel means Universe or everything and begins with the letter Taf, the last letter in the Hebrew alphabet.",https://www.nameexoworlds.iau.org/2019approved-names,,_,Aur
,Theemin,HR 1464,21393,υ2 Eri,-,-,3.81,68.88766,-30.562341,,,,,υ2,Eri
,Thuban,HR 5291,68756,α Dra,A,14044+6423,3.67,211.097291,64.375851,,,,,α,Dra
,Tiaki,HR 8636,112122,β Gru,-,-,2.12,340.666876,-46.884576,,,,,β,Gru
,Tianguan,HR 1910,26451,ζ Tau,A,-,2.97,84.411189,21.142544,,,,,ζ,Tau
,Tianyi,HR 4863,62423,7 Dra,-,-,5.43,191.893099,66.790305,,,,,7,Dra
,Timir,HD 148427,80687,_ Oph,_,_,6.89,247.117296,-13.399636,2019 IAU100 NameExoWorlds,"Bangladeshi proposal; Timir means darkness in Bengali language, alluding to the star being far away in the darkness of space.",https://www.nameexoworlds.iau.org/2019approved-names,,_,Oph
,Tislit,WASP-161,WASP-161,_ Pup,_,_,10.77,126.337846,-11.500986,2019 IAU100 NameExoWorlds,Moroccan proposal; Tislit is the name of a lake in the Atlas mountains of Morocco. It means the bride in the Amazigh language and it is associated with a heartbroken beautiful girl in an ancient local legend.,https://www.nameexoworlds.iau.org/2019approved-names,,_,Pup
,Titawin,HR 458,7513,υ And,A,01368+4124,4.09,24.199342,41.405457,2015 NameExoWorlds,Titawin (also known as Medina of Tetouan) is a settlement in northern Morocco and UNESCO World Heritage Site. Historically it was an important point of contact between two civilizations (Spanish and Arab) and two continents (Europe and Africa) after the 8th century.,https://www.nameexoworlds.iau.org/2015edition,,υ,And
,Tojil,WASP-22,,_ Eri,_,03313-2349,11.71,52.818029,-23.819678,2019 IAU100 NameExoWorlds,"Tojil is the name of one of the Mayan deities related to rain, storms, and fire.",https://www.nameexoworlds.iau.org/2019approved-names,,_,Eri
,Toliman,HR 5460,71681,α Cen,B,14396-6050,1.35,219.896096,-60.837528,,,,,α,Cen
,Tonatiuh,HR 4609,58952,- Cam,-,-,5.80,181.312995,76.905735,2015 NameExoWorlds,Tonatiuh was the Aztec god of the Sun.,https://www.nameexoworlds.iau.org/2015edition,,-,Cam
,Torcular,HR 510,8198,ο Psc,A,01454+0909,4.29,26.348466,9.157737,,,,,ο,Psc
,Tuiren,HAT-P-36,HAT-P-36,_ CVn,_,_,12.25,188.266276,44.915333,2019 IAU100 NameExoWorlds,"Irish proposal. Tuiren was the aunt of the hunterwarrior Fionn mac Cumhaill of Irish legend, who was turned into a hound by the jealous fairy Uchtdealbh.",https://www.nameexoworlds.iau.org/2019approved-names,,_,CVn
,Tupi,HD 23079,17096,_ Ret,_,_,7.12,54.929567,-52.915838,2019 IAU100 NameExoWorlds,"Brazilian proposal; Tupi is the name of the most populous Indigenous People living on the eastern coast of South America, before the Portuguese arrived in the 16th century.",https://www.nameexoworlds.iau.org/2019approved-names,,_,Ret
,Tupã,HD 108147,60644,_ Cru,_,12258-6401,6.99,186.442779,-64.022088,2019 IAU100 NameExoWorlds,Paraguayan proposal; Tupã is one of four principle gods of the Guarani Cosmogony in popular Paraguayan folklore that helped the supreme god Ñamandu to create the Universe.,https://www.nameexoworlds.iau.org/2019approved-names,,_,Cru
,Tureis,HR 3185,39757,ρ Pup,A,08075-2418,2.83,121.886037,-24.304324,,,,,ρ,Pup
,Ukdah,HR 3845,47431,ι Hya,-,-,3.90,144.964008,-1.14281,,,,,ι,Hya
,Uklun,HD 102117,57291,_ Cen,_,_,7.47,176.210254,-58.70371,2019 IAU100 NameExoWorlds,Pitcairn Islands proposal. Uklun means us or we in the Pitkern language of the people of Pitcairn Islands.,https://www.nameexoworlds.iau.org/2019approved-names,,_,Cen
,Unukalhai,HR 5854,77070,α Ser,-,15443+0626,2.63,236.066976,6.425629,,,,,α,Ser
,Unurgunite,HR 2646,33856,σ CMa,-,07017-2756,3.49,105.429782,-27.93483,,,,,σ,CMa
,Uruk,HD 231701,96078,_ Sge,_,_,8.97,293.017338,16.474289,2019 IAU100 NameExoWorlds,Iraqi proposal; Uruk was an ancient city of the Sumer and Babylonian civilizations in Mesopotamia situated along an ancient channel of the Euphrates river in modern-day Iraq.,https://www.nameexoworlds.iau.org/2019approved-names,,_,Sge
,Vega,HR 7001,91262,α Lyr,-,18369+3846,0.03,279.234735,38.783689,,,,,α,Lyr
,Veritate,HR 8930,116076,14 And,A,23313+3914,5.22,352.822556,39.236197,2015 NameExoWorlds,"From the latin ""Veritas"", truth. The ablative form means ""where there is truth"".",https://www.nameexoworlds.iau.org/2015edition,,14,And
,Vindemiatrix,HR 4932,63608,ε Vir,-,13022+1058,2.85,195.544157,10.959149,,,,,ε,Vir
,Wasat,HR 2777,35550,δ gem,Aa,07201+2159,3.50,110.030749,21.982316,,,,,δ,Gem
,Wazn,HR 2040,27628,β Col,-,05510-3546,3.12,87.739968,-35.76831,,,,,β,Col
,Wezen,HR 2693,34444,δ CMa,Aa,07084-2624,1.83,107.09785,-26.3932,,,,,δ,CMa
,Wurren,HR 338,5348,ζ Phe,Aa,01084-5515,4.02,17.096173,-55.245758,,,,,ζ,Phe
,Xamidimura,HR 6247,82514,μ1 Sco,Aa,16519-3803,3.00,252.96763,-38.04738,,,,,μ1,Sco
,Xihe,HD 173416,91852,_ Lyr,_,_,6.04,280.900456,36.556606,2019 IAU100 NameExoWorlds,Nanjing proposal; Xihe (羲和) is the goddess of the sun in the Chinese mythology and also represents the earliest astronomers and developers of calendars in ancient China.,https://www.nameexoworlds.iau.org/2019approved-names,,_,Lyr
,Xuange,HR 5351,69732,λ Boo,-,14164+4605,4.18,214.095912,46.088306,,,,,λ,Boo
,Yed Posterior,HR 6075,79882,ε Oph,-,16183-0442,3.23,244.580374,-4.69251,,,,,ε,Oph
,Yed Prior,HR 6056,79593,δ Oph,-,16143-0342,2.73,243.586411,-3.694323,,,,,δ,Oph
,Yildun,HR 6789,85822,δ UMi,-,17322+8635,4.35,263.054126,86.586462,,,,,δ,UMi
,Zaniah,HR 4689,60129,η Vir,Aa,12199-0040,3.89,184.976476,-0.666793,,,,,η,Vir
,Zaurak,HR 1231,18543,γ Eri,-,03580-1331,2.97,59.50736,-13.508516,,,,,γ,Eri
,Zavijava,HR 4540,57757,β Vir,-,11507+0146,3.59,177.673826,1.764717,,,,,β,Vir
,Zhang,HR 3903,48356,υ1 Hya,A,-,4.11,147.869558,-14.846603,,,,,υ1,Hya
,Zibal,HR 984,15197,ζ Eri,Aa,03158-0849,4.80,48.958436,-8.819731,,,,,ζ,Eri
,Zosma,HR 4357,54872,δ Leo,-,11141+2031,2.56,168.527089,20.523718,,,,,δ,Leo
,Zubenelgenubi,HR 5531,72622,α2 Lib,Aa,14509-1603,2.75,222.719638,-16.041777,,,,,α2,Lib
,Zubenelhakrabi,HR 5787,76333,γ Lib,A,15355-1447,3.91,233.881578,-14.789536,,,,,γ,Lib
,Zubeneschamali,HR 5685,74785,β Lib,-,-,2.61,229.251724,-9.382914,,,,,β,Lib